<TextureAtlas imagePath="sprites.png">
	<SubTexture name="BackgroundBox_1.png" x="400" y="111" width="76" height="75"/>
	<SubTexture name="BackgroundBox_2.png" x="400" y="36" width="76" height="75"/>
	<SubTexture name="BackgroundBox_3.png" x="400" y="261" width="76" height="75"/>
	<SubTexture name="BackgroundBox_4.png" x="400" y="186" width="76" height="75"/>
	<SubTexture name="Badge_1.png" x="485" y="707" width="24" height="25"/>
	<SubTexture name="Badge_2.png" x="457" y="578" width="24" height="25"/>
	<SubTexture name="Badge_3.png" x="449" y="640" width="24" height="25"/>
	<SubTexture name="Badge_4.png" x="520" y="540" width="24" height="25"/>
	<SubTexture name="BeamCoin_DarkBrown.png" x="200" y="642" width="148" height="39"/>
	<SubTexture name="BeamCoin_LightBrown.png" x="200" y="604" width="148" height="38"/>
	<SubTexture name="BeamEmpty_DarkBrown.png" x="348" y="604" width="138" height="36"/>
	<SubTexture name="BeamEmpty_LightBrown.png" x="347" y="681" width="138" height="36"/>
	<SubTexture name="BeamHeart_DarkBrown.png" x="200" y="525" width="149" height="40"/>
	<SubTexture name="BeamHeart_LightBrown.png" x="200" y="565" width="149" height="39"/>
	<SubTexture name="BeamSeed_DarkBrown.png" x="200" y="681" width="147" height="36"/>
	<SubTexture name="BeamSeed_lightBrown.png" x="323" y="0" width="147" height="36"/>
	<SubTexture name="BoosterBox_DarkBrown.png" x="400" y="336" width="65" height="65"/>
	<SubTexture name="BoosterBox_LightBrown.png" x="400" y="401" width="65" height="64"/>
	<SubTexture name="CharactersBlack_Line1.png" x="597" y="615" width="52" height="72"/>
	<SubTexture name="CharactersBlack_Line2.png" x="465" y="336" width="60" height="53"/>
	<SubTexture name="CharactersBlack_Line3.png" x="577" y="439" width="54" height="75"/>
	<SubTexture name="CharactersBlack_Line4.png" x="485" y="640" width="58" height="67"/>
	<SubTexture name="CharactersBlack_Line5.png" x="694" y="0" width="45" height="76"/>
	<SubTexture name="CharactersBlack_NoLine1.png" x="649" y="656" width="48" height="68"/>
	<SubTexture name="CharactersBlack_NoLine2.png" x="525" y="390" width="56" height="49"/>
	<SubTexture name="CharactersBlack_NoLine3.png" x="643" y="179" width="50" height="71"/>
	<SubTexture name="CharactersBlack_NoLine4.png" x="582" y="266" width="54" height="63"/>
	<SubTexture name="CharactersBlack_NoLine5.png" x="697" y="614" width="41" height="72"/>
	<SubTexture name="CharactersBright_Line1.png" x="591" y="179" width="52" height="72"/>
	<SubTexture name="CharactersBright_Line2.png" x="465" y="389" width="60" height="53"/>
	<SubTexture name="CharactersBright_Line3.png" x="544" y="540" width="54" height="75"/>
	<SubTexture name="CharactersBright_Line4.png" x="486" y="571" width="58" height="67"/>
	<SubTexture name="CharactersBright_Line5.png" x="693" y="220" width="45" height="76"/>
	<SubTexture name="CharactersBright_NoLine1.png" x="645" y="0" width="48" height="68"/>
	<SubTexture name="CharactersBright_NoLine2.png" x="536" y="67" width="56" height="49"/>
	<SubTexture name="CharactersBright_NoLine3.png" x="644" y="73" width="50" height="71"/>
	<SubTexture name="CharactersBright_NoLine4.png" x="543" y="638" width="54" height="63"/>
	<SubTexture name="CharactersBright_NoLine5.png" x="697" y="542" width="41" height="72"/>
	<SubTexture name="CharactersFlat_Line1.png" x="598" y="514" width="52" height="73"/>
	<SubTexture name="CharactersFlat_Line2.png" x="459" y="518" width="61" height="53"/>
	<SubTexture name="CharactersFlat_Line3.png" x="536" y="191" width="55" height="75"/>
	<SubTexture name="CharactersFlat_Line4.png" x="536" y="0" width="57" height="67"/>
	<SubTexture name="CharactersFlat_Line5.png" x="693" y="144" width="46" height="76"/>
	<SubTexture name="CharactersFlat_NoLine1.png" x="636" y="322" width="48" height="69"/>
	<SubTexture name="CharactersFlat_NoLine2.png" x="520" y="442" width="57" height="49"/>
	<SubTexture name="CharactersFlat_NoLine3.png" x="631" y="392" width="51" height="71"/>
	<SubTexture name="CharactersFlat_NoLine4.png" x="582" y="329" width="53" height="63"/>
	<SubTexture name="CharactersFlat_NoLine5.png" x="697" y="398" width="42" height="72"/>
	<SubTexture name="CharactersGray_Line1.png" x="593" y="0" width="52" height="73"/>
	<SubTexture name="CharactersGray_Line2.png" x="459" y="465" width="61" height="53"/>
	<SubTexture name="CharactersGray_Line3.png" x="536" y="116" width="55" height="75"/>
	<SubTexture name="CharactersGray_Line4.png" x="525" y="323" width="57" height="67"/>
	<SubTexture name="CharactersGray_Line5.png" x="684" y="322" width="46" height="76"/>
	<SubTexture name="CharactersGray_NoLine1.png" x="649" y="587" width="48" height="69"/>
	<SubTexture name="CharactersGray_NoLine2.png" x="520" y="491" width="57" height="49"/>
	<SubTexture name="CharactersGray_NoLine3.png" x="636" y="251" width="51" height="71"/>
	<SubTexture name="CharactersGray_NoLine4.png" x="591" y="116" width="53" height="63"/>
	<SubTexture name="CharactersGray_NoLine5.png" x="697" y="470" width="42" height="72"/>
	<SubTexture name="Checkmark_DarkBrown.png" x="421" y="465" width="25" height="25"/>
	<SubTexture name="Checkmark_LightBrown.png" x="407" y="578" width="25" height="25"/>
	<SubTexture name="Checkmark_Ticked_DarkBrown.png" x="378" y="578" width="29" height="26"/>
	<SubTexture name="Checkmark_Ticked_LightBrown.png" x="349" y="578" width="29" height="26"/>
	<SubTexture name="Checkmark_UnTicked_DarkBrown.png" x="432" y="578" width="25" height="25"/>
	<SubTexture name="Checkmark_UnTicked_LightBrown.png" x="424" y="640" width="25" height="25"/>
	<SubTexture name="Element_Bomb.png" x="650" y="463" width="47" height="58"/>
	<SubTexture name="Element_BombSparkle.png" x="0" y="722" width="15" height="14"/>
	<SubTexture name="Element_Clock.png" x="536" y="266" width="45" height="44"/>
	<SubTexture name="Element_Coin.png" x="387" y="640" width="37" height="35"/>
	<SubTexture name="Element_Heart.png" x="348" y="640" width="39" height="37"/>
	<SubTexture name="Element_Seed.png" x="377" y="465" width="44" height="33"/>
	<SubTexture name="Element_Shovel.png" x="597" y="687" width="33" height="50"/>
	<SubTexture name="Element_WateringCan.png" x="581" y="392" width="44" height="44"/>
	<SubTexture name="Explosion.png" x="361" y="498" width="98" height="80"/>
	<SubTexture name="ExplosionStroke_Horizontal.png" x="476" y="0" width="60" height="323"/>
	<SubTexture name="ExplosionStroke_Vertical.png" x="0" y="0" width="323" height="60"/>
	<SubTexture name="NumberBlack_+.png" x="35" y="722" width="10" height="10"/>
	<SubTexture name="NumberBlack_0.png" x="25" y="722" width="10" height="13"/>
	<SubTexture name="NumberBlack_1.png" x="299" y="717" width="6" height="12"/>
	<SubTexture name="NumberBlack_2.png" x="266" y="717" width="9" height="13"/>
	<SubTexture name="NumberBlack_3.png" x="84" y="722" width="9" height="13"/>
	<SubTexture name="NumberBlack_4.png" x="15" y="722" width="10" height="13"/>
	<SubTexture name="NumberBlack_5.png" x="183" y="722" width="9" height="13"/>
	<SubTexture name="NumberBlack_6.png" x="75" y="722" width="9" height="13"/>
	<SubTexture name="NumberBlack_7.png" x="102" y="722" width="9" height="13"/>
	<SubTexture name="NumberBlack_8.png" x="138" y="722" width="9" height="13"/>
	<SubTexture name="NumberBlack_9.png" x="93" y="722" width="9" height="13"/>
	<SubTexture name="NumberBlack_Backslash.png" x="111" y="722" width="9" height="13"/>
	<SubTexture name="NumberBlack_X.png" x="192" y="722" width="8" height="8"/>
	<SubTexture name="NumberWhite_+.png" x="45" y="722" width="10" height="10"/>
	<SubTexture name="NumberWhite_0.png" x="65" y="722" width="10" height="13"/>
	<SubTexture name="NumberWhite_1.png" x="293" y="717" width="6" height="12"/>
	<SubTexture name="NumberWhite_2.png" x="120" y="722" width="9" height="13"/>
	<SubTexture name="NumberWhite_3.png" x="129" y="722" width="9" height="13"/>
	<SubTexture name="NumberWhite_4.png" x="55" y="722" width="10" height="13"/>
	<SubTexture name="NumberWhite_5.png" x="147" y="722" width="9" height="13"/>
	<SubTexture name="NumberWhite_6.png" x="156" y="722" width="9" height="13"/>
	<SubTexture name="NumberWhite_7.png" x="165" y="722" width="9" height="13"/>
	<SubTexture name="NumberWhite_8.png" x="174" y="722" width="9" height="13"/>
	<SubTexture name="NumberWhite_9.png" x="275" y="717" width="9" height="13"/>
	<SubTexture name="NumberWhite_Backslash.png" x="284" y="717" width="9" height="13"/>
	<SubTexture name="NumberWhite_X.png" x="192" y="730" width="8" height="8"/>
	<SubTexture name="PanalBig_DarkBrown.png" x="200" y="111" width="200" height="331"/>
	<SubTexture name="PanalBig_LightBrown.png" x="0" y="391" width="200" height="331"/>
	<SubTexture name="PanalSmall_DarkBrown.png" x="0" y="251" width="200" height="140"/>
	<SubTexture name="PanalSmall_LightBrown.png" x="0" y="60" width="200" height="140"/>
	<SubTexture name="PlusSigns_Green.png" x="200" y="717" width="22" height="21"/>
	<SubTexture name="PlusSigns_Orange.png" x="244" y="717" width="22" height="21"/>
	<SubTexture name="PlusSigns_Red.png" x="222" y="717" width="22" height="21"/>
	<SubTexture name="StarBeam_DarkBrown.png" x="0" y="200" width="200" height="51"/>
	<SubTexture name="StarBeam_LightBrown.png" x="200" y="60" width="200" height="51"/>
	<SubTexture name="StarBeam_TimeBar_DarkOrange.png" x="200" y="442" width="177" height="28"/>
	<SubTexture name="StarBeam_TimeBar_LightOrange.png" x="200" y="470" width="177" height="28"/>
	<SubTexture name="Stars.png" x="200" y="498" width="161" height="27"/>
</TextureAtlas>