<TextureAtlas imagePath="sprites.png">
	<SubTexture name="BlinkBright_Line1.png" x="112" y="155" width="52" height="72"/>
	<SubTexture name="BlinkBright_Line2.png" x="0" y="0" width="60" height="53"/>
	<SubTexture name="BlinkBright_Line3.png" x="57" y="155" width="55" height="75"/>
	<SubTexture name="BlinkBright_Line4.png" x="0" y="106" width="57" height="67"/>
	<SubTexture name="BlinkBright_Line5.png" x="213" y="0" width="45" height="76"/>
	<SubTexture name="BlinkBright_NoLine1.png" x="165" y="71" width="48" height="69"/>
	<SubTexture name="BlinkBright_NoLine2.png" x="57" y="106" width="56" height="49"/>
	<SubTexture name="BlinkBright_NoLine3.png" x="164" y="148" width="50" height="71"/>
	<SubTexture name="BlinkBright_NoLine4.png" x="57" y="230" width="54" height="62"/>
	<SubTexture name="BlinkBright_NoLine5.png" x="256" y="76" width="41" height="73"/>
	<SubTexture name="BlinkFlat_Line1.png" x="113" y="75" width="52" height="73"/>
	<SubTexture name="BlinkFlat_Line2.png" x="0" y="53" width="60" height="53"/>
	<SubTexture name="BlinkFlat_Line3.png" x="60" y="0" width="55" height="75"/>
	<SubTexture name="BlinkFlat_Line4.png" x="0" y="222" width="57" height="67"/>
	<SubTexture name="BlinkFlat_Line5.png" x="212" y="219" width="45" height="77"/>
	<SubTexture name="BlinkFlat_NoLine1.png" x="164" y="219" width="48" height="68"/>
	<SubTexture name="BlinkFlat_NoLine2.png" x="0" y="173" width="57" height="49"/>
	<SubTexture name="BlinkFlat_NoLine3.png" x="115" y="0" width="51" height="71"/>
	<SubTexture name="BlinkFlat_NoLine4.png" x="111" y="230" width="53" height="62"/>
	<SubTexture name="BlinkFlat_NoLine5.png" x="214" y="76" width="42" height="73"/>
</TextureAtlas>